isbn13,vol,title,author,publisher,price,img_url,description,kdc_class_no,pub_date_2,isbn_origin,item_id,pub_desc,all_desc,set_isbn13,desc_noun
9791195991341,,The Secret Under the Earth - &lt;이 땅의 비밀&gt; 영문판,"서정아 (지은이), 오상우 (그림), 이동권 (해설)",이야기뜰,15000.0,https://image.aladin.co.kr/product/25806/50/cover/k652736339_2.jpg,"&lt;이 땅의 비밀&gt; 영문판. 산 중턱, 층층이 쌓인 바위 사이에 돌이 된 물고기. 이 물고기들에게 어떤 일이 있었던 걸까? 궁금해진 아이는 물고기에게 있었던 일, 이 땅에 숨겨진 이야기를 찾아 여행을 떠난다.",813.8,2020-12-01,,258065050,,"&lt;이 땅의 비밀&gt; 영문판. 산 중턱, 층층이 쌓인 바위 사이에 돌이 된 물고기. 이 물고기들에게 어떤 일이 있었던 걸까? 궁금해진 아이는 물고기에게 있었던 일, 이 땅에 숨겨진 이야기를 찾아 여행을 떠난다.",,이 땅 비밀 영문 판 산 중턱 층층 바위 사이 돌이 물고기 이 물고기 아이 물고기 일 이 땅 이야기 여행
9791186259948,,어쩜 좋아!,박은율 (지은이),시시한출판사,20000.0,https://image.aladin.co.kr/product/25964/92/cover/k952737124_1.jpg,어린이가 펴낸 그림책 4권. 시시한출판사가 주최한 그림책 공모전(어린이가 펴낸 그림책-2020년 7월 부문)에 선정된 작품이다. 비밀-약속-부정적 감정-긍정적 감정-결심-해결 등의 순서로 기-승-전-결의 짜임새 있는 이야기 구성을 가진다.,813.8,2020-12-24,,259649242,"그림책 <어쩜 좋아!>는 시시한출판사가 주최한 그림책 공모전(어린이가 펴낸 그림책-2020년 7월 부문)에 선정된 작품입니다. 어린이 작가를 발굴하고 소개하는 것은 어린이를 하나의 독립적인 사회적 주체 및 계층으로 여기고 그들의 이야기가 우리의 삶을 보다 여유롭고 소통 가능할 수 있는 인지의 환경을 넓히고자 함에 있습니다. 이런 의미를 <어쩜 좋아!>는 이를 아주 잘 대변하는 작품이라고 보았습니다. 

그림책 <어쩜 좋아!>는 비밀-약속-부정적 감정-긍정적 감정-결심-해결 등의 순서로 기-승-전-결의 짜임새 있는 이야기 구성을 가지며 매 페이지가 하나하나의 감정에 대한 재미난 플롯들의 연결은 단단하고 짜임새 있는 스토리를 만들어 냅니다.

말머리에 주인공은 누구에게도 말 못할 비밀이 있다며, 독자를 자신이 말하고 싶은 바에 집중하도록 합니다. 주인공의 몸은 화날 때, 셈날 때, 부끄러울 때 등등의 감정에 따라 머리카락이 뱀이 되기도 하고, 다리가 물고기 지느러미가 되기도 하고, 피아노나 슈퍼맨이 되기도 합니다. 

이는 가슴 속에 느껴지는 감정을 ‘몸의 변신’이라는 비유적 표현을 통해 어린이가 느끼는 혼란스런 감정에 대한 진솔한 대면으로, 주인공 또래의 어린이뿐만 아니라 감정을 숨기는 것을 미덕일 수밖에 없는 어른들조차 흔쾌히 공감할 만한 그림책이 되고 있습니다.

서평
떡볶이를 먹으며 친구들과 재잘거리기를 즐긴다는 말괄량이 소녀, 작가 박은율 어린이는 <어쩜 좋아!>를 통해 우리가 얘기치 못한 상황에서 느껴지는 감정을 다루고자 합니다. 어떤 감정 앞에서 내 스스로도 어쩔 수 없이 변신, 변화하는 몸을 통해 통제 불가능한 내 감정에 집중하고 관찰합니다. 이런 감정의 변화, 예컨대 관심, 애정, 미움, 질투 같은 감정에 대한 나 스스로의 인지와 대응은 내 스스로의 통제나 숨김으로 가능하지 않음이 작가가 이 이야기에서 말하고 하는 바입니다. 이는 어린이 따로 어른 따로 느껴지는 반응과 대응이라기보다는 나이, 계층, 성별에 관계없이 느끼며 동의하는 그런 인간적인 감수성이라는 면에서 두터운 독자층의 공감을 얻을 수 있는 작품이 되고 있습니다.","어린이가 펴낸 그림책 4권. 시시한출판사가 주최한 그림책 공모전(어린이가 펴낸 그림책-2020년 7월 부문)에 선정된 작품이다. 비밀-약속-부정적 감정-긍정적 감정-결심-해결 등의 순서로 기-승-전-결의 짜임새 있는 이야기 구성을 가진다.그림책 <어쩜 좋아!>는 시시한출판사가 주최한 그림책 공모전(어린이가 펴낸 그림책-2020년 7월 부문)에 선정된 작품입니다. 어린이 작가를 발굴하고 소개하는 것은 어린이를 하나의 독립적인 사회적 주체 및 계층으로 여기고 그들의 이야기가 우리의 삶을 보다 여유롭고 소통 가능할 수 있는 인지의 환경을 넓히고자 함에 있습니다. 이런 의미를 <어쩜 좋아!>는 이를 아주 잘 대변하는 작품이라고 보았습니다. 

그림책 <어쩜 좋아!>는 비밀-약속-부정적 감정-긍정적 감정-결심-해결 등의 순서로 기-승-전-결의 짜임새 있는 이야기 구성을 가지며 매 페이지가 하나하나의 감정에 대한 재미난 플롯들의 연결은 단단하고 짜임새 있는 스토리를 만들어 냅니다.

말머리에 주인공은 누구에게도 말 못할 비밀이 있다며, 독자를 자신이 말하고 싶은 바에 집중하도록 합니다. 주인공의 몸은 화날 때, 셈날 때, 부끄러울 때 등등의 감정에 따라 머리카락이 뱀이 되기도 하고, 다리가 물고기 지느러미가 되기도 하고, 피아노나 슈퍼맨이 되기도 합니다. 

이는 가슴 속에 느껴지는 감정을 ‘몸의 변신’이라는 비유적 표현을 통해 어린이가 느끼는 혼란스런 감정에 대한 진솔한 대면으로, 주인공 또래의 어린이뿐만 아니라 감정을 숨기는 것을 미덕일 수밖에 없는 어른들조차 흔쾌히 공감할 만한 그림책이 되고 있습니다.

서평
떡볶이를 먹으며 친구들과 재잘거리기를 즐긴다는 말괄량이 소녀, 작가 박은율 어린이는 <어쩜 좋아!>를 통해 우리가 얘기치 못한 상황에서 느껴지는 감정을 다루고자 합니다. 어떤 감정 앞에서 내 스스로도 어쩔 수 없이 변신, 변화하는 몸을 통해 통제 불가능한 내 감정에 집중하고 관찰합니다. 이런 감정의 변화, 예컨대 관심, 애정, 미움, 질투 같은 감정에 대한 나 스스로의 인지와 대응은 내 스스로의 통제나 숨김으로 가능하지 않음이 작가가 이 이야기에서 말하고 하는 바입니다. 이는 어린이 따로 어른 따로 느껴지는 반응과 대응이라기보다는 나이, 계층, 성별에 관계없이 느끼며 동의하는 그런 인간적인 감수성이라는 면에서 두터운 독자층의 공감을 얻을 수 있는 작품이 되고 있습니다.",,어린이 그림책 권 출판사 주최 그림책 공모전 어린이 그림책 부문 선정 작품 비밀 약속 부정 감정 긍정 감정 결심 해결 등 순서 기 승 전 결의 짜임새 이야기 구성 그림책 어쩜 출판사 주최 그림책 공모전 어린이 그림책 부문 선정 작품 어린이 작가 발굴 소개 것 어린이 하나 독립 사회 주체 및 계층 여기 그 이야기 우리 삶 여유 소통 수 인지 환경 함 의미 어쩜 아주 대변 작품 그림책 어쩜 비밀 약속 부정 감정 긍정 감정 결심 해결 등 순서 기 승 전 결의 짜임새 이야기 구성 가지 매 페이지 하나 하나 감정 대한 재미 플롯 연결 짜임새 스토리 말머리 주인공 누구 말 비밀 독자 자신 말 바 집중 주인공 몸 때 셈날 때 때 등등 감정 머리카락 뱀 기도 다리 물고기 지느러미 기도 피아노 슈퍼맨 기도 가슴 속 감정 몸 변신 비유 표현 통해 어린이 혼란 감정 대한 대면 주인공 또래 어린이 감정 것 미덕 일 수 어른 공감 만 그림책 서평 떡볶이 친구 말괄량이 소녀 작가 박 은율 어린이 어쩜 를 통해 우리 얘기 치 못 상황 감정 감정 앞 내 스스로 수 변신 변화 몸 통해 통제 내 감정 집중 관찰 감정 변화 관심 애정 미움 질투 감정 대한 나 스스로 인지 대응 내 스스로 통제 작가 이 이야기 말 바 어린이 어른 반응 대응 나이 계층 성별 동의 인간 감수성 면 독자 층 공감 수 작품
9788936433444,,괭이부리말 아이들,김중미 지음;송진헌 그림,창작과 비평사,12000.0,http://image.aladin.co.kr/product/30/41/cover/893643344x_2.jpg,2000년 7월 두 권으로 선보였던 의 양장본. 제4회 '좋은 어린이책' 원고공모 창작부문 대상 수상작이었던 이 작품은 2001년 11월 방송된 TV 오락프로그램에서 국민필독서로 선정되면서 한 권으로 묶여 다시 선보이게 되었다.,813.6,2001-11-07,893643344X:,304191,,2000년 7월 두 권으로 선보였던 의 양장본. 제4회 '좋은 어린이책' 원고공모 창작부문 대상 수상작이었던 이 작품은 2001년 11월 방송된 TV 오락프로그램에서 국민필독서로 선정되면서 한 권으로 묶여 다시 선보이게 되었다.,,두 권 의 양장본 제 어린이 책 원고 공모 창작 부문 대상 수상작 이 작품 방송 오락 프로그램 국민 필독 서로 선정 권 다시
9788951508752,,꿈꾸는 동글이,동화창의학습연구회 편;김숙경 [공]그림,동화사,7000.0,http://image.aladin.co.kr/product/29/37/cover/8951508757_1.gif,"새 교과서의 말하기, 듣기, 읽기, 쓰기에 맞춘 창의학습동화. 국어, 수학, 과학, 사회, 도덕 등 모든 과목의 학습 목표를 담았고 창작동화, 동시, 고전, 명작, 우화, 설명문 등 다양한 장르로 여러 가지 주제를 다루었다. 주인공의 마음을 알아보는 &lt;꿈꾸는 동글이&gt; 외 다수의 이야기를 통해 감동과 지혜와...",813.6,2001-08-24,8951508757,293751,,"새 교과서의 말하기, 듣기, 읽기, 쓰기에 맞춘 창의학습동화. 국어, 수학, 과학, 사회, 도덕 등 모든 과목의 학습 목표를 담았고 창작동화, 동시, 고전, 명작, 우화, 설명문 등 다양한 장르로 여러 가지 주제를 다루었다. 주인공의 마음을 알아보는 &lt;꿈꾸는 동글이&gt; 외 다수의 이야기를 통해 감동과 지혜와...",,새 교과서 말 듣기 쓰기 창의 학습 동화 국어 수학 과학 사회 도덕 등 모든 과목 학습 목표 창작동화 동시 고전 명작 우화 설명 문 등 장르 여러 가지 주제 주인공 마음 동글이 외 다수 이야기 통해 감동 지혜
9788956511368,,서울 여자와 대구 남자가 만날 때,샤베트 지음,영상노트,9000.0,http://image.aladin.co.kr/product/42/5/cover/8956511365_1.gif,새로 들어선 참여정부가 행정수도를 한강 남쪽지역으로 옮길 것이라는 공약을 내놓은 이때 서울 태생이며 서울과 함께 자라서 늙어가고 있는 작가는 서울에 남다른 애정을 가지고 집필했다. 조선왕조 이전의 한양의 모습부터 개화기 이후 근대까지의 한양의 모습을 역사책에서는 볼 수 없는 훈훈하고 정감어린...,813.6,2003-06-27,8956511365,420501,정민 로맨스 소설.,새로 들어선 참여정부가 행정수도를 한강 남쪽지역으로 옮길 것이라는 공약을 내놓은 이때 서울 태생이며 서울과 함께 자라서 늙어가고 있는 작가는 서울에 남다른 애정을 가지고 집필했다. 조선왕조 이전의 한양의 모습부터 개화기 이후 근대까지의 한양의 모습을 역사책에서는 볼 수 없는 훈훈하고 정감어린...정민 로맨스 소설.,,참여정부 행정 수도 한강 남쪽 지역 것 공약 때 서울 태생 서울 작가 서울 애정 가지 집필 조선왕조 이전 한양 모습 개화 기 이후 근대 한양 모습 역사 책 볼 수 정감 정민 로맨스 소설
9788936436841,,국경을 넘는 일:전성태 소설집,전성태 지음,창비,11000.0,http://image.aladin.co.kr/product/55/78/cover/8936436848_2.jpg,"치밀하게 꽉 짜인 구성의 긴장감 있는 소설을 발표해 온 작가 전성태의 두 번째 작품집이다. 오늘날의 혼탁한 시류에 맞서, 생동감있는 언어로 삶의 현장을 찾아나서는 8편의 소설이 묶여 있다. 개성있는 소설적 장치, 정교한 구성, 허점을 찾기 어려운 촘촘한 문장이 '말의 묘미'를 좇는 작가의 차분한 힘을 느끼게 해준다.",813.6,2005-04-30,8936436848,557849,,"치밀하게 꽉 짜인 구성의 긴장감 있는 소설을 발표해 온 작가 전성태의 두 번째 작품집이다. 오늘날의 혼탁한 시류에 맞서, 생동감있는 언어로 삶의 현장을 찾아나서는 8편의 소설이 묶여 있다. 개성있는 소설적 장치, 정교한 구성, 허점을 찾기 어려운 촘촘한 문장이 '말의 묘미'를 좇는 작가의 차분한 힘을 느끼게 해준다.",,꽉 구성 긴장감 소설 발표 온 작가 전성태 두 작품집 오늘날 혼탁 시류 생동감 언어 삶 현장 편의 소설 개성 소설 장치 구성 점 찾기 촘촘 문장 말 묘미 를 좇는 작가 힘
9788954212182,,해월동화:바다와 달의 아름다운 사랑이야기,백묘 지음,삼양출판사,9000.0,http://image.aladin.co.kr/product/57/63/cover/8954212182_1.jpg,"'바다와 달의 아름다운 사랑 이야기'라는 뜻의 해월동화는 인어의 사랑이야기로, 비극으로 끝나는 기존의 인어공주 이야기를 작가만의 해피엔딩으로 풀어낸 러브스토리.",813.6,2005-07-05,8954212182,576370,,"'바다와 달의 아름다운 사랑 이야기'라는 뜻의 해월동화는 인어의 사랑이야기로, 비극으로 끝나는 기존의 인어공주 이야기를 작가만의 해피엔딩으로 풀어낸 러브스토리.",,바다 달 사랑 이야기 뜻 해 월동 인어 사랑 이야기 비극 기존 인어공주 이야기 작가 해피엔딩 러브스토리
9788979196986,,여자 이발사:전성태 장편소설,전성태,창해,8000.0,http://image.aladin.co.kr/product/58/76/cover/8979196989_1.jpg,"걸쭉한 입말과 순우리말을 자유자재로 구사하며 평단의 주목을 받아온 작가, 전성태의 첫 번째 장편소설. '맑은내 소설선'의 일곱 번째 작품으로 출간되었다. 는 청계천 열한 개 다리 가운데 세운교를 소재로, 그곳 천변에 흘러들어 이발관을 내게 된 한 '일본인 처'의 삶을 그린다.",813.6,2005-09-27,8979196989,587608,,"걸쭉한 입말과 순우리말을 자유자재로 구사하며 평단의 주목을 받아온 작가, 전성태의 첫 번째 장편소설. '맑은내 소설선'의 일곱 번째 작품으로 출간되었다. 는 청계천 열한 개 다리 가운데 세운교를 소재로, 그곳 천변에 흘러들어 이발관을 내게 된 한 '일본인 처'의 삶을 그린다.",,입말 순우리말 자유 자재 구사 평단 주목 온 작가 전성태 첫 장편소설 설선 의 일곱 작품 간 청계천 열한 개 다리 가운데 세운 교 소재 곳 변 이발관 일본인 처 의 삶 린다
9788996757450,,나의 첫 번째 일기장,글: 이안 ;그림: 허구,황제펭귄,33000.0,http://image.aladin.co.kr/product/5567/60/cover/8996757454_1.jpg,『기록 그림책 세트』는 각 연령대의 성장과정에 따라 소중한 일상을 기록해 보관할 수 있도록 기획했습니다. 유아교육과 아동학을 전공한 저자들과 함께 각 성장단계에 맞는 놀이와 활동으로 구성 하였으며 아름다운 그림과 내용의 세상에 단 한 권뿐인 성장앨범으로서 소장가치가 뛰어납니다.,813.7,2015-04-01,9788996757450 (세트),55676041,"기록 그림책 시리즈의 특징

1. 각 연령대의 성장과정에 따라 소중한 일상을 기록해 보관할 수 있도록 기획했습니다.
2. 유아교육과 아동학을 전공한 저자들과 함께 각 성장단계에 맞는 놀이와 활동으로 구성했습니다.
3. 아름다운 그림과 내용의 세상에 단 한 권뿐인 성장앨범으로서 소장가치가 뛰어납니다.

1. 아이를 위한 첫 번째 놀이수첩

탄생부터 첫 돌까지 52주간의 놀이와 기록을 한 권에 담은 기록 그림책. 놀이를 통해 부모와 아이의 유대감을 매개하는 책. 아이가 처음 태어났을 때 초보 엄마 아빠는 모든 것이 조심스럽다. 반면 아기는 태어나서 1~2년 동안 놀랄 만큼 성장 발달한다. 부모와의 정서적 유대감과 놀이를 통해서 이루어지는 것이다. 바로 이 점에 착안하여 탄생부터 1년까지 부모와 아기가 함께할 수 있는 놀이를 1주에 한 가지씩 52가지 놀이를 담았다. 그 과정을 글과 사진으로 담아낼 수 있는 소중한 성장 기록 그림책.  

2. 나의 첫 번째 사진첩(별책부록: 우리는 한 가족이에요)

만 2세 아이의 1년 동안 성장 기록을 보관할 수 있는 독자 참여형 그림책. 막 자신을 자각하기 시작하는 아이가 스스로 자기 자신의 감정이나 생각, 경험을 담아낼 수 있도록 구성했다. 한 장, 한 장 사진을 붙이며 완성된 책은 두 살 배기 우리 아이의 마음을 찍은 ‘성장 기념 사진첩’이 될 것이다. 또한 별책부록인 <우리는 한 가족이에요>는 자신과 가장 가까운 타인인 가족의 존재를 인식하기 시작하는 아이를 위해 가족의 일원으로서 자신의 존재를 확인하고 가족들과의 애정을 느끼도록 구성한 책이다.  

3. 나의 첫 번째 일기장(별책부록: 내년엔 학교에 가요)

만 5세 아이의 1년 동안 성장 기록을 고스란히 담을 수 있도록 기록과 보관을 위해 구성된 책. 이듬해 초등학교 입학을 앞두고 있으며, 글을 읽을 수 있고, 간단하게 자신을 표현하는 글도 쓸 수 있는 아이를 위해, 스스로 자기 자신의 감정이나 생각, 경험을 자유롭게 담아낼 수 있도록 만들었다. 생활 속의 작은 경험과 느낌을 재발견해 일기에 대한 고민을 해결해주는 독자 참여형 그림책. 또한 별책부록인 <내년엔 학교에 가요>는 지식뿐만 아니라 정서적으로 학교생활을 준비할 수 있도록 친절히 안내한다.","『기록 그림책 세트』는 각 연령대의 성장과정에 따라 소중한 일상을 기록해 보관할 수 있도록 기획했습니다. 유아교육과 아동학을 전공한 저자들과 함께 각 성장단계에 맞는 놀이와 활동으로 구성 하였으며 아름다운 그림과 내용의 세상에 단 한 권뿐인 성장앨범으로서 소장가치가 뛰어납니다.기록 그림책 시리즈의 특징

1. 각 연령대의 성장과정에 따라 소중한 일상을 기록해 보관할 수 있도록 기획했습니다.
2. 유아교육과 아동학을 전공한 저자들과 함께 각 성장단계에 맞는 놀이와 활동으로 구성했습니다.
3. 아름다운 그림과 내용의 세상에 단 한 권뿐인 성장앨범으로서 소장가치가 뛰어납니다.

1. 아이를 위한 첫 번째 놀이수첩

탄생부터 첫 돌까지 52주간의 놀이와 기록을 한 권에 담은 기록 그림책. 놀이를 통해 부모와 아이의 유대감을 매개하는 책. 아이가 처음 태어났을 때 초보 엄마 아빠는 모든 것이 조심스럽다. 반면 아기는 태어나서 1~2년 동안 놀랄 만큼 성장 발달한다. 부모와의 정서적 유대감과 놀이를 통해서 이루어지는 것이다. 바로 이 점에 착안하여 탄생부터 1년까지 부모와 아기가 함께할 수 있는 놀이를 1주에 한 가지씩 52가지 놀이를 담았다. 그 과정을 글과 사진으로 담아낼 수 있는 소중한 성장 기록 그림책.  

2. 나의 첫 번째 사진첩(별책부록: 우리는 한 가족이에요)

만 2세 아이의 1년 동안 성장 기록을 보관할 수 있는 독자 참여형 그림책. 막 자신을 자각하기 시작하는 아이가 스스로 자기 자신의 감정이나 생각, 경험을 담아낼 수 있도록 구성했다. 한 장, 한 장 사진을 붙이며 완성된 책은 두 살 배기 우리 아이의 마음을 찍은 ‘성장 기념 사진첩’이 될 것이다. 또한 별책부록인 <우리는 한 가족이에요>는 자신과 가장 가까운 타인인 가족의 존재를 인식하기 시작하는 아이를 위해 가족의 일원으로서 자신의 존재를 확인하고 가족들과의 애정을 느끼도록 구성한 책이다.  

3. 나의 첫 번째 일기장(별책부록: 내년엔 학교에 가요)

만 5세 아이의 1년 동안 성장 기록을 고스란히 담을 수 있도록 기록과 보관을 위해 구성된 책. 이듬해 초등학교 입학을 앞두고 있으며, 글을 읽을 수 있고, 간단하게 자신을 표현하는 글도 쓸 수 있는 아이를 위해, 스스로 자기 자신의 감정이나 생각, 경험을 자유롭게 담아낼 수 있도록 만들었다. 생활 속의 작은 경험과 느낌을 재발견해 일기에 대한 고민을 해결해주는 독자 참여형 그림책. 또한 별책부록인 <내년엔 학교에 가요>는 지식뿐만 아니라 정서적으로 학교생활을 준비할 수 있도록 친절히 안내한다.",,기록 그림책 세트 각 연령 대의 성장 과정 일상 기록 보 관할 수 기획 유아교육 아동 학 전공 저자 각 장단 놀이 활동 구성 그림 내용 세상 단 권 성장 앨범 소장 가치 기록 그림책 시리즈 특징 각 연령 대의 성장 과정 일상 기록 보 관할 수 기획 유아교육 아동 학 전공 저자 각 장단 놀이 활동 구성 그림 내용 세상 단 권 성장 앨범 소장 가치 아이 위 첫 놀이 수첩 탄생 첫 돌 주간 놀이 기록 권 기록 그림책 놀이 통해 부모 아이 유 대감 매개 책 아이 처음 때 초보 엄마 아빠 모든 것 반면 아기 동안 만큼 성장 발달 부모 정서 유 대감 놀이 통해 것 바로 이 점 착안 탄생 부모 아기 수 놀이 주 가지 가지 놀이 그 과정 글 사진 낼 수 성장 기록 그림책 나 첫 사진첩 별책 부록 우리 가족 만 세 아이 동안 성장 기록 보 관할 수 독자 참여 그림책 막 자신 자각 시작 아이 스스로 자기 자신 감정 생각 경험 낼 수 구성 장 장 사진 붙이 완성 책 두 살 배기 우리 아이 마음 성장 기념 사진첩 이 것 또한 별책 부록 우리 가족 자신 가장 타인 가족 존재 인식 시작 아이 위해 가족 일원 자신 존재 확인 가족 애정 구성 책 나 첫 일기장 별책 부록 내년 학교 가요 만 세 아이 동안 성장 기록 고스 란 담 수 기록 보관 위해 구성 책 이듬해 초등학교 입학 글 수 자신 표현 글 수 아이 위해 스스로 자기 자신 감정 생각 경험 낼 수 생활 속 경험 느낌 재발 견해 일기 대한 고민 해결 독자 참여 그림책 또한 별책 부록 내년 학교 가요 지식 정서 학교생활 준비 수 안내
9788996757467,,나의 첫 번째 일기장,글: 이안 ;그림: 허구,황제펭귄,15000.0,http://image.aladin.co.kr/product/1898/5/cover/8996757462_2.jpg,"만 5세 아이의 1년 동안 성장 기록을 고스란히 담을 수 있도록 구성된 책이다. 독자의 참여를 통해 비로소 완성된 한 권의 책으로 거듭나는 ‘독자 참여형 그림책’인 것이다. 이 세상에 단 하나뿐인, 내 아이의 경험이 고스란히 담을 수 있는 책이다.",813.7,2012-08-16,9788996757467,18980528,"소중한 내 아이의 성장 기록을 담는다!

이 책은 기록 그림책이라는 시리즈물이다. 즉 기록을 위해 만들어진 책이다. 0세부터~5세까지 연령별로 기획된 이 시리즈 중 이번에 출간된 책은 만 5세용으로, <나의 첫 번째 일기장>과 <내년엔 학교에 가요> 이렇게 두 권의 책으로 구성되어 있다. 그 중 <나의 첫 번째 일기장>은 만 5세 아이의 1년 동안 성장 기록을 고스란히 담을 수 있도록 구성되었다. 
집에서 부르는 나이로 6~7세, 만으로 5세인 아동은 이듬해 초등학교 입학을 앞두고 있으며, 글을 읽을 수 있고, 간단하게 자신을 표현하는 글도 쓸 수 있다. 따라서 이 책은 아이가 스스로 자기 자신의 감정이나 생각, 경험을 자유롭게 담아낼 수 있도록 구성되었다. 이 책은 독자의 참여를 통해 비로소 완성된 한 권의 책으로 거듭나는 ‘독자 참여형 그림책’인 것이다. 
물론 유아용 학습지류처럼 독자에게 답을 요구하는 출판물은 흔히 있어 왔다. 정해진 답이 있으며, 맞고 틀림에 대한 판별이 필수적으로 따라오는 것들이다. 하지만 <나의 첫 번째 일기장>은 정답이 없다. 게다가 아이들마다 생활이 천차만별이기 때문에 똑같은 책은 결코 있을 수 없다. 바로 이 점이 기존 책과 가장 큰 차별점인 것이다. 이 책은 처음부터 기록과 보관에 초점을 두고 기획되었다. 나아가 이 세상에 단 하나뿐인, 내 아이의 경험이 오롯이 담길 수 있는 책이 되기를 지향하고 있다. 

일기쓰기 고민 해결 - 5세, 우리 아이의 생활 모습을 한 권에 녹여내다

초등학생 부모들의 가장 큰 고민이 ‘일기 쓰기’라는 이야기가 있다. 학교에서 일기 쓰기는 점점 강조되고 있는 반면, 정작 아이와 학부모들에게는 매일매일 거의 같은 생활로 시간이 꾸려지는, 특히 도시 아이들의 경우에는 “오늘은 또 어떤 소재를 가지고 쓰지?” 하고 고민하게 되는 상황이 빈번히 연출되곤 하는 게 현실이라는 것이다. 원론적인 가르침이 아닌, 생활 속의 작은 경험과 느낌이 모두 일기거리가 될 수 있다는 것을 아이가 자연스럽게 체득하게 할 수는 없을까? 이 책은 이러한 고민에 대한 길잡이 역할을 톡톡히 해 줄 것이다.

‘눈물이 난 날’, ‘소중한 것이 생긴 날’, ‘좋은 음악을 들은 날’ 등, 이 책에 등장하는 소재들은 아이들의 실제 생활과 밀착되어 있다. 아이들은 이 책과 함께 ‘자신의 경험 담기’에 익숙해질 것이고, 만약 이 책의 기록들을 1년 뒤…, 5년 뒤, 아니 성인이 되어 다시 본다면 어떨까? <나의 첫 번째 일기장>을  꼬옥 껴안고 어릴 적 소중한 추억의 단편들을 하나씩 떠올리게 되리란 것을 쉬이 짐작할 수 있다.   

별책 <내년엔 학교에 가요>
우리 아이 입학 준비- 정서적 준비도 필요하다!

초등학교에 처음 입학하는 아이들에게 학교생활은 기대 반, 두려움 반이다. ‘초등학교 형아’라는 타이틀은 자랑스럽지만, 새로운 상황에서의 경험은 낯설음으로 가득 찬다. 이 책은 내년에 학교에 갈 5세 아이들에게 미리, 그리고 천천히 학교생활들을 준비할 수 있도록 안내한다. 이 책은 쉽고 친절하다. ‘초등학교에 가려면 무엇을 준비해야 할까’ ‘1년 동안 학교생활은 어떻게 이루어질까’, ‘학교생활을 성공적으로 수행하기 위해 필요한 것’ 등에 대해 <내년엔 학교에 가요>는 엄마와 즐겁게 미리 이야기를 나눌 수 있는 거리들을 제공한다. 
‘두려움은 알 수 없는 것에서 나온다’는 말이 있다. 이 책은 ‘학교생활 미리 알아보기’를 통해 낯선 환경에 대한 적응과 성공적인 안착을 염두에 두고 만들어졌다. 
초등학교 입학 준비를 위해 수나 언어 같은 지식들만이 아닌, 정서적 준비를 필요로 했던 학부모와 아이들에게 자신 있게 제안하고 싶은 책이다.","만 5세 아이의 1년 동안 성장 기록을 고스란히 담을 수 있도록 구성된 책이다. 독자의 참여를 통해 비로소 완성된 한 권의 책으로 거듭나는 ‘독자 참여형 그림책’인 것이다. 이 세상에 단 하나뿐인, 내 아이의 경험이 고스란히 담을 수 있는 책이다.소중한 내 아이의 성장 기록을 담는다!

이 책은 기록 그림책이라는 시리즈물이다. 즉 기록을 위해 만들어진 책이다. 0세부터~5세까지 연령별로 기획된 이 시리즈 중 이번에 출간된 책은 만 5세용으로, <나의 첫 번째 일기장>과 <내년엔 학교에 가요> 이렇게 두 권의 책으로 구성되어 있다. 그 중 <나의 첫 번째 일기장>은 만 5세 아이의 1년 동안 성장 기록을 고스란히 담을 수 있도록 구성되었다. 
집에서 부르는 나이로 6~7세, 만으로 5세인 아동은 이듬해 초등학교 입학을 앞두고 있으며, 글을 읽을 수 있고, 간단하게 자신을 표현하는 글도 쓸 수 있다. 따라서 이 책은 아이가 스스로 자기 자신의 감정이나 생각, 경험을 자유롭게 담아낼 수 있도록 구성되었다. 이 책은 독자의 참여를 통해 비로소 완성된 한 권의 책으로 거듭나는 ‘독자 참여형 그림책’인 것이다. 
물론 유아용 학습지류처럼 독자에게 답을 요구하는 출판물은 흔히 있어 왔다. 정해진 답이 있으며, 맞고 틀림에 대한 판별이 필수적으로 따라오는 것들이다. 하지만 <나의 첫 번째 일기장>은 정답이 없다. 게다가 아이들마다 생활이 천차만별이기 때문에 똑같은 책은 결코 있을 수 없다. 바로 이 점이 기존 책과 가장 큰 차별점인 것이다. 이 책은 처음부터 기록과 보관에 초점을 두고 기획되었다. 나아가 이 세상에 단 하나뿐인, 내 아이의 경험이 오롯이 담길 수 있는 책이 되기를 지향하고 있다. 

일기쓰기 고민 해결 - 5세, 우리 아이의 생활 모습을 한 권에 녹여내다

초등학생 부모들의 가장 큰 고민이 ‘일기 쓰기’라는 이야기가 있다. 학교에서 일기 쓰기는 점점 강조되고 있는 반면, 정작 아이와 학부모들에게는 매일매일 거의 같은 생활로 시간이 꾸려지는, 특히 도시 아이들의 경우에는 “오늘은 또 어떤 소재를 가지고 쓰지?” 하고 고민하게 되는 상황이 빈번히 연출되곤 하는 게 현실이라는 것이다. 원론적인 가르침이 아닌, 생활 속의 작은 경험과 느낌이 모두 일기거리가 될 수 있다는 것을 아이가 자연스럽게 체득하게 할 수는 없을까? 이 책은 이러한 고민에 대한 길잡이 역할을 톡톡히 해 줄 것이다.

‘눈물이 난 날’, ‘소중한 것이 생긴 날’, ‘좋은 음악을 들은 날’ 등, 이 책에 등장하는 소재들은 아이들의 실제 생활과 밀착되어 있다. 아이들은 이 책과 함께 ‘자신의 경험 담기’에 익숙해질 것이고, 만약 이 책의 기록들을 1년 뒤…, 5년 뒤, 아니 성인이 되어 다시 본다면 어떨까? <나의 첫 번째 일기장>을  꼬옥 껴안고 어릴 적 소중한 추억의 단편들을 하나씩 떠올리게 되리란 것을 쉬이 짐작할 수 있다.   

별책 <내년엔 학교에 가요>
우리 아이 입학 준비- 정서적 준비도 필요하다!

초등학교에 처음 입학하는 아이들에게 학교생활은 기대 반, 두려움 반이다. ‘초등학교 형아’라는 타이틀은 자랑스럽지만, 새로운 상황에서의 경험은 낯설음으로 가득 찬다. 이 책은 내년에 학교에 갈 5세 아이들에게 미리, 그리고 천천히 학교생활들을 준비할 수 있도록 안내한다. 이 책은 쉽고 친절하다. ‘초등학교에 가려면 무엇을 준비해야 할까’ ‘1년 동안 학교생활은 어떻게 이루어질까’, ‘학교생활을 성공적으로 수행하기 위해 필요한 것’ 등에 대해 <내년엔 학교에 가요>는 엄마와 즐겁게 미리 이야기를 나눌 수 있는 거리들을 제공한다. 
‘두려움은 알 수 없는 것에서 나온다’는 말이 있다. 이 책은 ‘학교생활 미리 알아보기’를 통해 낯선 환경에 대한 적응과 성공적인 안착을 염두에 두고 만들어졌다. 
초등학교 입학 준비를 위해 수나 언어 같은 지식들만이 아닌, 정서적 준비를 필요로 했던 학부모와 아이들에게 자신 있게 제안하고 싶은 책이다.",,만 세 아이 동안 성장 기록 고스 란 담 수 구성 책 독자 참여 통해 비로소 완성 권 책 거듭 나 독자 참여 그림책 인 것 이 세상 단 하나 내 아이 경험 고스 란 담 수 책 내 아이 성장 기록 이 책 기록 그림책 시리즈 물이 즉 기록 위해 책 세 세 연령 별로 기획 이 시리즈 중 이번 간 책 만 세용 나 첫 일기장 과 내년 학교 가요 두 권 책 구성 그 중 나 첫 일기장 은 만 세 아이 동안 성장 기록 고스 란 담 수 구성 집 나이 세 세인 아동 이듬해 초등학교 입학 글 수 자신 표현 글 수 따라서 이 책 아이 스스로 자기 자신 감정 생각 경험 낼 수 구성 이 책 독자 참여 통해 비로소 완성 권 책 거듭 나 독자 참여 그림책 인 것 유아 용 학습 지류 독자 답 요구 출판물 정해진 답 틀림 대한 판별 필수 것 나 첫 일기장 은 정답 게다가 아이 생활 천차만별 이기 때문 책 결코 수 바로 이 점 기존 책 가장 차별 점 것 이 책 처음 기록 보관 초점 기획 이 세상 단 하나 내 아이 경험 롯 수 책 지향 일기 쓰기 고민 해결 세 우리 아이 생활 모습 권 초등학생 부모 가장 고민 일기 쓰기 이야기 학교 일기 쓰기 점점 강조 반면 정작 아이 학부모 매일 거의 생활 시간 도시 아이 경우 오늘 또 소재 가지 고민 상황 연출 게 현실 것 원론 가르침 생활 속 경험 느낌 모두 거리 수 것 아이 자연 체득 수 이 책 고민 대한 길잡이 역할 해 줄 것 눈물 난 날 것 날 음악 날 등 이 책 등장 소재 아이 실제 생활 밀착 아이 이 책 자신 경험 것 만약 이 책 기록 뒤 뒤 성인 다시 나 첫 일기장 적 추억 단편 하나 것 쉬이 짐작 수 별책 내년 학교 가요 우리 아이 입학 준비 정서 준비 초등학교 처음 입학 아이 학교생활 기대 반 두려움 반 초등학교 형아 타이틀 상황 경험 음으로 가득 이 책 내년 학교 세 아이 미리 학교생활 준비 수 안내 이 책 초등학교 무엇 준비 동안 학교생활 학교생활 성공 수행 위해 것 등 대해 내년 학교 가요 엄마 미리 이야기 수 거리 제공 두려움 알 수 것 말 이 책 학교생활 미리 를 통해 낯선 환경 대한 적응 성공 안착 염두 초등학교 입학 준비 위해 수나 언어 지식 정서 준비 필요 학부모 아이 자신 제안 책
